ID,Name,Email,Group,Phone,ZIP,Country,State/Province,"Customer Since","Web Site","Confirmed email","Account Created in","Billing Address","Shipping Address","Date of Birth","Tax VAT Number",Gender,"Street Address",City,Fax,"VAT Number",Company,"Billing Firstname","Billing Lastname","Account Lock"
312,"Carolpeare CarolpeareGX",peter.miller1191@gmx.com,General,,," ",,"Mar 2, 2026 01:34:39 PM","Main Website","Confirmation Not Required","Default Store View",,,,,N/A,,,,,,,,Unlocked
313,"a b",fighteringacha@gmail.com,General,,," ",,"Mar 5, 2026 01:19:00 PM","Main Website","Confirmation Not Required","Default Store View",,,,,N/A,,,,,,,,Unlocked
314,". .",a@g.com,General,,," ",,"Mar 5, 2026 01:46:12 PM","Main Website","Confirmation Not Required","Default Store View",,,,,N/A,,,,,,,,Unlocked
315,"a x",ammatr@gmail.com,General,,," ",,"Mar 5, 2026 01:56:49 PM","Main Website","Confirmation Not Required","Default Store View",,,,,N/A,,,,,,,,Unlocked
316,"g bayomy",gody@gmail.com,General,,," ",,"Mar 5, 2026 01:59:18 PM","Main Website","Confirmation Not Required","Default Store View",,,,,N/A,,,,,,,,Unlocked
317,"f        dsfsdhfgdfgn fff",farisnabil1520@gmail.com,General,,," ",,"Mar 5, 2026 02:03:38 PM","Main Website","Confirmation Not Required","Default Store View",,,,,N/A,,,,,,,,Unlocked
318,"cvv    mnj xc",amm@gmail.com,General,,," ",,"Mar 5, 2026 02:11:54 PM","Main Website","Confirmation Not Required","Default Store View",,,,,N/A,,,,,,,,Unlocked
319,"12 kj",ammt@gmail.com,General,,," ",,"Mar 5, 2026 02:18:57 PM","Main Website","Confirmation Not Required","Default Store View",,,,,N/A,,,,,,,,Unlocked
320,"faris NABIL",farisnabil1520@mail.com,General,,," ",,"Mar 5, 2026 02:30:58 PM","Main Website","Confirmation Not Required","Default Store View",,,,,N/A,,,,,,,,Unlocked
321,"gody godybayomyshreif",zad@gmail.com,General,,," ",,"Mar 5, 2026 02:51:58 PM","Main Website","Confirmation Not Required","Default Store View",,,,,N/A,,,,,,,,Unlocked
322,"abdall1234 ab        alha",abdallahshehata652@gmail.com,General,,," ",,"Mar 5, 2026 02:53:53 PM","Main Website","Confirmation Not Required","Default Store View",,,,,N/A,,,,,,,,Unlocked
323,"Bemen BemenEvanss",1@1.com,General,,," ",,"Mar 5, 2026 03:17:36 PM","Main Website","Confirmation Not Required","Default Store View",,,,,N/A,,,,,,,,Unlocked
324,"aaaa12 ssss",shehataabdallah57@test.com,General,,," ",,"Mar 5, 2026 03:20:03 PM","Main Website","Confirmation Not Required","Default Store View",,,,,N/A,,,,,,,,Unlocked
325,"a a",zizoooam@gmail.com,General,,," ",,"Mar 6, 2026 06:47:04 AM","Main Website","Confirmation Not Required","Default Store View",,,,,N/A,,,,,,,,Unlocked
326,"ahdfsajkfljfffhfhkljfsdhkljfdkhjlfdklhjfklhjdfklhjfdsklhjfdsklhjfdskljhfdshkljfsd hkljhlkfklhjhjlklhjkfsdhjklsafdlhjksfahjlkdfaljkhfasdkljhdfs",zizoom@gmail.com,General,,," ",,"Mar 6, 2026 06:50:08 AM","Main Website","Confirmation Not Required","Default Store View",,,,,N/A,,,,,,,,Unlocked
327,"!@#$% !@#$%",ziom@gmail.com,General,,," ",,"Mar 6, 2026 07:03:14 AM","Main Website","Confirmation Not Required","Default Store View",,,,,N/A,,,,,,,,Unlocked
328,"joudy ahmed",joudy@joudy.com,General,,," ",,"Mar 6, 2026 07:03:27 AM","Main Website","Confirmation Not Required","Default Store View",,,,,N/A,,,,,,,,Unlocked
329,"zizoo zizooo",1zizooo@gmail.com,General,,," ",,"Mar 6, 2026 07:08:54 AM","Main Website","Confirmation Not Required","Default Store View",,,,,N/A,,,,,,,,Unlocked
330,"a b",ali123@gmail.com,General,,," ",,"Mar 6, 2026 07:14:29 AM","Main Website","Confirmation Not Required","Default Store View",,,,,N/A,,,,,,,,Unlocked
331,"m Magdy",menna83652@gmail.com,General,,," ",,"Mar 6, 2026 07:27:11 AM","Main Website","Confirmation Not Required","Default Store View",,,,,N/A,,,,,,,,Unlocked
332,"Ahmeed 123",zz@gmail.com,General,,," ",,"Mar 6, 2026 07:39:54 AM","Main Website","Confirmation Not Required","Default Store View",,,,,N/A,,,,,,,,Unlocked
333,"fvcx cdv",abdoali2072@gmail.com,General,,," ",,"Mar 6, 2026 07:43:28 AM","Main Website","Confirmation Not Required","Default Store View",,,,,N/A,,,,,,,,Unlocked
334,"prueba 1",prueba@test.com,General,,," ",,"Mar 6, 2026 07:45:29 PM","Main Website","Confirmation Not Required","Default Store View",,,,,N/A,,,,,,,,Unlocked
336,"pru prueba 2 eba",prueba@prueba.com,General,,," ",,"Mar 7, 2026 07:29:11 PM","Main Website","Confirmation Not Required","Default Store View",,,,,N/A,,,,,,,,Unlocked
338,"prefijo prueba test sujifo",user_a55rc@vml.com,General,,," ",,"Mar 7, 2026 07:50:39 PM","Main Website","Confirmation Not Required","Default Store View",,,,,N/A,,,,,,,,Unlocked
339,"prefijo prueba test sujifo",user_s9kqu@random.com,General,,," ",,"Mar 7, 2026 07:51:40 PM","Main Website","Confirmation Not Required","Default Store View",,,,,N/A,,,,,,,,Unlocked
340,"prefijo prueba test sujifo",user_cu5fk@random.com,General,,," ",,"Mar 7, 2026 08:02:44 PM","Main Website","Confirmation Not Required","Default Store View",,,,,N/A,,,,,,,,Unlocked
341,"prefijo prueba test sujifo",user_opckw@random.com,General,,," ",,"Mar 7, 2026 08:08:06 PM","Main Website","Confirmation Not Required","Default Store View",,,,,N/A,,,,,,,,Unlocked
342,"prefijo prueba test sujifo",user_xdum2@random.com,General,,," ",,"Mar 7, 2026 08:09:50 PM","Main Website","Confirmation Not Required","Default Store View",,,,,N/A,,,,,,,,Unlocked
343,"prefijo prueba test sujifo",user_mkr3e@random.com,General,,," ",,"Mar 7, 2026 08:13:23 PM","Main Website","Confirmation Not Required","Default Store View",,,,,N/A,,,,,,,,Unlocked
344,"prefijo prueba test sujifo",user_4p2sc@random.com,General,,," ",,"Mar 7, 2026 08:29:20 PM","Main Website","Confirmation Not Required","Default Store View",,,,,N/A,,,,,,,,Unlocked
345,"prefijo prueba test sujifo",user_6bxg3@random.com,General,,," ",,"Mar 7, 2026 08:34:53 PM","Main Website","Confirmation Not Required","Default Store View",,,,,N/A,,,,,,,,Unlocked
346,"prefijo prueba test sujifo",user_msdyw@random.com,General,,," ",,"Mar 7, 2026 08:36:29 PM","Main Website","Confirmation Not Required","Default Store View",,,,,N/A,,,,,,,,Unlocked
347,"prefijo prueba test sujifo",user_6zd0q@random.com,General,,," ",,"Mar 7, 2026 08:37:22 PM","Main Website","Confirmation Not Required","Default Store View",,,,,N/A,,,,,,,,Unlocked
348,"prefijo prueba test sujifo",user_5stp0@random.com,General,,," ",,"Mar 8, 2026 09:37:11 AM","Main Website","Confirmation Not Required","Default Store View",,,,,N/A,,,,,,,,Unlocked
349,"prefijo prueba test sujifo",user_53q9z@random.com,General,,," ",,"Mar 8, 2026 09:40:03 AM","Main Website","Confirmation Not Required","Default Store View",,,,,N/A,,,,,,,,Unlocked
350,"prefijo prueba test sujifo",user_81ued@random.com,General,,," ",,"Mar 8, 2026 09:40:51 AM","Main Website","Confirmation Not Required","Default Store View",,,,,N/A,,,,,,,,Unlocked
351,"prefijo prueba test sujifo",user_ydj5b@random.com,General,,," ",,"Mar 8, 2026 09:47:20 AM","Main Website","Confirmation Not Required","Default Store View",,,,,N/A,,,,,,,,Unlocked
352,"prefijo prueba test sujifo",user_gkyay@random.com,General,,," ",,"Mar 8, 2026 09:47:58 AM","Main Website","Confirmation Not Required","Default Store View",,,,,N/A,,,,,,,,Unlocked
353,"prefijo prueba test sujifo",user_xqu61@random.com,General,,," ",,"Mar 8, 2026 09:50:58 AM","Main Website","Confirmation Not Required","Default Store View",,,,,N/A,,,,,,,,Unlocked
354,"prefijo prueba test sujifo",user_8oqo2@random.com,General,,," ",,"Mar 8, 2026 09:54:19 AM","Main Website","Confirmation Not Required","Default Store View",,,,,N/A,,,,,,,,Unlocked
355,"prefijo prueba test sujifo",user_4luf1@random.com,General,,," ",,"Mar 8, 2026 09:55:55 AM","Main Website","Confirmation Not Required","Default Store View",,,,,N/A,,,,,,,,Unlocked
356,"prefijo prueba test sujifo",user_h2xrn@random.com,General,,," ",,"Mar 8, 2026 10:02:12 AM","Main Website","Confirmation Not Required","Default Store View",,,,,N/A,,,,,,,,Unlocked
357,"prefijo prueba test sujifo",user_dotpg@random.com,General,,," ",,"Mar 8, 2026 10:12:30 AM","Main Website","Confirmation Not Required","Default Store View",,,,,N/A,,,,,,,,Unlocked
358,"prefijo prueba test sujifo",user_frtf2@random.com,General,,," ",,"Mar 8, 2026 10:13:46 AM","Main Website","Confirmation Not Required","Default Store View",,,,,N/A,,,,,,,,Unlocked
359,"prefijo prueba test sujifo",user_aogb2@random.com,General,,," ",,"Mar 8, 2026 10:18:34 AM","Main Website","Confirmation Not Required","Default Store View",,,,,N/A,,,,,,,,Unlocked
360,"prefijo prueba test sujifo",user_scwab@random.com,General,,," ",,"Mar 8, 2026 10:20:47 AM","Main Website","Confirmation Not Required","Default Store View",,,,,N/A,,,,,,,,Unlocked
361,"prefijo prueba test sujifo",user_uwpfo@random.com,General,,," ",,"Mar 8, 2026 10:53:50 AM","Main Website","Confirmation Not Required","Default Store View",,,,,N/A,,,,,,,,Unlocked
362,"prefijo prueba test sujifo",user_3880f@random.com,General,,," ",,"Mar 8, 2026 02:12:29 PM","Main Website","Confirmation Not Required","Default Store View",,,,,N/A,,,,,,,,Unlocked
363,"prefijo prueba test sujifo",user_5fsz9@random.com,General,,," ",,"Mar 8, 2026 02:15:18 PM","Main Website","Confirmation Not Required","Default Store View",,,,,N/A,,,,,,,,Unlocked
364,"prefijo prueba test sujifo",user_jetof@random.com,General,,," ",,"Mar 8, 2026 02:15:57 PM","Main Website","Confirmation Not Required","Default Store View",,,,,N/A,,,,,,,,Unlocked
365,"prueba 1",prueba@test1.com,General,,," ",,"Mar 8, 2026 05:10:09 PM","Main Website","Confirmation Not Required","Default Store View",,,,,N/A,,,,,,,,Unlocked
366,"prefijo prueba test sujifo",user_u2ldo@random.com,General,,," ",,"Mar 8, 2026 08:01:19 PM","Main Website","Confirmation Not Required","Default Store View",,,,,N/A,,,,,,,,Unlocked
367,"prefijo prueba test sujifo",user_3nrjt@random.com,General,,," ",,"Mar 8, 2026 08:03:57 PM","Main Website","Confirmation Not Required","Default Store View",,,,,N/A,,,,,,,,Unlocked
368,"prefijo prueba test sujifo",user_l40lp@random.com,General,,," ",,"Mar 8, 2026 08:05:35 PM","Main Website","Confirmation Not Required","Default Store View",,,,,N/A,,,,,,,,Unlocked
369,"prefijo prueba test sujifo",user_3oa7r@random.com,General,,," ",,"Mar 8, 2026 08:08:15 PM","Main Website","Confirmation Not Required","Default Store View",,,,,N/A,,,,,,,,Unlocked
370,"prefijo prueba test sujifo",user_2ym9e@random.com,General,,," ",,"Mar 8, 2026 08:12:12 PM","Main Website","Confirmation Not Required","Default Store View",,,,,N/A,,,,,,,,Unlocked
371,"prefijo prueba test sujifo",user_cuui8@random.com,General,,," ",,"Mar 8, 2026 08:14:10 PM","Main Website","Confirmation Not Required","Default Store View",,,,,N/A,,,,,,,,Unlocked
372,"prefijo prueba test sujifo",user_xw3eb@random.com,General,,," ",,"Mar 8, 2026 08:19:35 PM","Main Website","Confirmation Not Required","Default Store View",,,,,N/A,,,,,,,,Unlocked
373,"prefijo prueba test sujifo",user_0kcf0@random.com,General,,," ",,"Mar 8, 2026 08:21:26 PM","Main Website","Confirmation Not Required","Default Store View",,,,,N/A,,,,,,,,Unlocked
374,"prefijo prueba test sujifo",user_igoio@random.com,General,,," ",,"Mar 8, 2026 09:04:45 PM","Main Website","Confirmation Not Required","Default Store View",,,,,N/A,,,,,,,,Unlocked
375,"prefijo prueba test sujifo",user_zzunj@random.com,General,,," ",,"Mar 8, 2026 11:24:53 PM","Main Website","Confirmation Not Required","Default Store View",,,,,N/A,,,,,,,,Unlocked
376,"prefijo prueba test sujifo",user_yurkp@random.com,General,,," ",,"Mar 8, 2026 11:57:18 PM","Main Website","Confirmation Not Required","Default Store View",,,,,N/A,,,,,,,,Unlocked
377,"prefijo prueba test sujifo",user_nt2n2@random.com,General,,," ",,"Mar 9, 2026 12:16:56 AM","Main Website","Confirmation Not Required","Default Store View",,,,,N/A,,,,,,,,Unlocked
378,"prefijo prueba test sujifo",user_mrbg6@random.com,General,,," ",,"Mar 9, 2026 12:19:13 AM","Main Website","Confirmation Not Required","Default Store View",,,,,N/A,,,,,,,,Unlocked
379,"prefijo prueba test sujifo",user_29ur3@random.com,General,,," ",,"Mar 9, 2026 12:21:36 AM","Main Website","Confirmation Not Required","Default Store View",,,,,N/A,,,,,,,,Unlocked
380,"prefijo prueba test sujifo",user_8tq75@random.com,General,,," ",,"Mar 9, 2026 12:29:48 AM","Main Website","Confirmation Not Required","Default Store View",,,,,N/A,,,,,,,,Unlocked
381,"prefijo prueba test sujifo",user_g6vne@random.com,General,,," ",,"Mar 9, 2026 12:32:20 AM","Main Website","Confirmation Not Required","Default Store View",,,,,N/A,,,,,,,,Unlocked
